page num 0,page num 1,page num 2,page num 3,page num 4,page num 5,page num 6,page num 7,page num 8,page num 9,page num 10,page num 11
oftosicdalfocd,shiwnyl4fn2fh0,,ecthjpr,ecthxpr,hardscape,sheathing,sheathing,sheathing,oftosicdalfocd,nossing,
cldsgniasswnh0,oftosicdalfocd,,oftosicdalfocd,oftosicdalfocd,ecthxpj,oftosicdalfocd,oftosicdalfocd,oftosicdalfocd,w-beam,purlin,
miispel,ecthrpr,,1htanwrsarig1blap,z40.5,shiwnyl4fntn4b0.n4hffn2fh0n,ecthxp,1htanwrsarig1blap,1htanwrsarig1blap,1htanwrsarig1blap,,
ectppr,1htanwrsarig1blap,,hiih0,w-beam,sheathing,shiwnyl4fntn4b0.n4hffn6s22n,ecthxpv,shiwnyl4fntnyhc:n:0b-sns,shiwnyl4fntnh0calgn,,
1htanwrsarig1blap,hiih0,,shiwnyl4fn4siwnsfsdhwbl0,z40.4,oftosicdalfocd,1htanwrsarig1blap,hiih0,swhbf,hiih0,,
gh4b0.nb0,�0ko1�nrk0��l�,,�0ko1�nrk0��l�,1htanwrsarig1blap,1htanwrsarig1blap,hiih0,eschutcheon,hiih0,swhbfi,,
hiih0,projpojpjj,,projpojpjj,shiwnyl4fntniscwbl0n3n,hiih0,swhbfi,swhbfi,ecthxpx,�0ko1�nrk0��l�,,
�0ko1�nrk0��l�,0ak2,,0ak2,hiih0,swhbfi,�0ko1�nrk0��l�,shiwnyl4fntnwz2n6s22n,�0ko1�nrk0��l�,projpojpjj,,
projpojpjj,,,,eschutcheon,�0ko1�nrk0��l�,projpojpjj,�0ko1�nrk0��l�,projpojpjj,0ak2,,
0ak2,,,,swhbfi,projpojpjj,0ak2,projpojpjj,0ak2,ecthxpu,,
,,,,�0ko1�nrk0��l�,0ak2,,0ak2,,,,
,,,,projpojpjj,elev,,,,,,
,,,,0ak2,,,,,,,
